Record Sequence Number,EQID,YEAR,MODY,HRMN,Station Name,Component,Station Sequence Number,Station ID  No.,Station Type,Station Network,Earthquake Magnitude,Magnitude Type,Mo (dyne.cm),Strike (deg),Dip (deg),Rake Angle (deg),Mechanism,Hypocenter Latitude (deg),Hypocenter Longitude (deg),Hypocenter Depth (km),Finite Rupture Model: 1=Yes;  0=No,Depth to Top Of Fault Rupture Model,Fault Rupture Width (km),Fault Rupture Area (km^2),Fault Name,Slip Rate (mm/Yr),EpiD      (km),HypD           (km),Joyner-Boore Dist. (km),FW/HW Indicator,Source to Site Azimuth (deg),Vs30 (m/s) selected for analysis,Preferred NEHRP Based on Vs30,Surface Geological Unit,Station Latitude,Station Longitude,Depth to Top Judea (km),Depth to Vs=1100,File Name (Horizontal 1),File Name (Horizontal 2),File Name (Vertical),H1 azimth (degrees),H2 azimith (degrees),Type of Recording,Instrument Model,Type of Filter,npass,HP (Hz),LP (Hz),Factor,Lowest Usable Freq - V (Hz),PGA (g),PGV (cm/sec),PGD (cm),f 0.01 Hz,0.012,0.014,0.017,0.021,0.025,0.030,0.036,0.044,0.052,0.063,0.076,0.091,0.110,0.130,0.160,0.190,0.230,0.280,0.330,0.400,0.480,0.580,0.690,0.830,1.00,1.20,1.450,1.740,2.090,2.510,3.020,3.630,4.370,5.250,6.310,7.590,9.120,10.970,13.180,15.850,19.060,22.910,27.540,33.110,39.810,47.860,57.540,69.180,83.180,100.00
1,,2008,1019,1407,IS_KZIT__BHN,BHN,,,,IS,3.5,,,,,,,34.6589,34.1689,,,,,,,,416.674052,,,,,,,,30.9067,34.3979,,,,,,,,,,,,0.27215721408485116,8.04504145735736,,,4.721299882487553e-06,4.3424510788468605e-07,5.3243629581122367e-08,3.166664610595149e-08,3.1494123486474745e-08,3.135846768767743e-08,3.0666427514252746e-08,3.018212923857711e-08,2.9141894354896667e-08,2.6377306832779226e-08,2.3670158139761962e-08,4.0252008790158614e-08,8.526471960411049e-08,1.0461827471861138e-07,5.91476558763642e-07,5.228512101018459e-07,9.05950033514624e-07,3.293839297650982e-06,1.2034592682726794e-05,1.3086659091255734e-05,4.1620590622121785e-05,0.00010176905023226963,0.0001439450097103802,0.0002546756138985536,0.00048693386887216903,0.0006142877725760164,0.0005706608217671354,0.0008538614270982804,0.00091913219624013,0.0010572255365357385,0.0015798160665664372,0.00039161764417216583,0.0016778719202305576,0.0009509002478369844,0.0009086369906541643,0.0007809236275924535,0.0015134970433029495,0.0006902694876441001,0.00023091869183526254,0.00015660609244680384,4.676405873729255e-05,3.862363679826713e-05,1.2282666947137138e-05,7.12351209161835e-07,3.4087147016393696e-09,,,,,,,,,
2,,2008,1019,1407,IS_ZFRI__SHZ,SHZ,,,,IS,3.5,,,,,,,34.6589,34.1689,,,,,,,,463.793849,,,,,,,,30.5649,35.1787,,,,,,,,,,,,0.5928838589640875,7.355839335148428,,,8.097982738766721e-09,6.004736111615772e-10,6.3840164255663095e-09,1.930997104579889e-07,1.931243151642873e-07,1.932090654455623e-07,1.932583818624739e-07,1.9389896904042687e-07,1.931556475219132e-07,1.9178875529666777e-07,1.921334801341716e-07,1.9626081344487226e-07,1.9240421875996548e-07,1.9705075478352574e-07,1.9402719502492398e-07,1.9792257404199998e-07,1.9865171720903225e-07,2.0242733931341352e-07,2.044434114402425e-07,2.1088676441248455e-07,2.3255758036032572e-07,2.3891137720339657e-07,2.4348350763859754e-07,2.3809370817832668e-07,3.0269717185499663e-07,3.961271225264061e-07,3.868372456741961e-07,8.668827856535701e-07,1.7181525424285702e-06,2.8310072090810088e-08,1.443720744773916e-06,4.50488826369817e-06,1.3367568508703645e-06,4.3863174609218565e-06,2.6937328725232427e-06,3.932971001672588e-06,1.1410531298071738e-06,5.59451722251527e-07,1.0260041162555855e-06,6.082129988080598e-07,2.7907570563908966e-07,8.368960141903432e-08,4.116827928918158e-08,4.6350980661440795e-09,4.2860299662494485e-09,,,,,,,,,
3,,2008,1019,1407,IS_KZIT__BHE,BHE,,,,IS,3.5,,,,,,,34.6589,34.1689,,,,,,,,416.674052,,,,,,,,30.9067,34.3979,,,,,,,,,,,,0.18247985568656483,8.046297351765542,,,2.5043937904733516e-05,9.860965592267663e-07,6.879989511655327e-08,1.7918174948338426e-05,1.7914692055937434e-05,1.7910790083143135e-05,1.7902611955437044e-05,1.7890303812552335e-05,1.7874416844891207e-05,1.7846259186397596e-05,1.7804017709627274e-05,1.766197235863156e-05,1.7445466792446744e-05,1.801415584048877e-05,1.5789468381474367e-05,1.647319367250165e-05,1.8490637561321667e-05,2.3175554464070158e-05,3.8074270072832474e-05,4.665573620822102e-05,0.00017564890000073391,0.0001478103953685636,0.0004882994251318896,0.0001296860553579937,0.00022686142127300768,0.0005301647755894946,0.0006266036009688384,0.00033634712097872093,0.0012791489686491387,0.0006319063219424219,0.0023455030859222755,0.0019358714803691794,0.004639037501469532,0.0038202420166252044,0.0032048200587715026,0.0033556759533961886,0.0027433953672498434,0.002127946731555629,0.0034270295351609046,0.0019281324682679734,0.0007474455521981716,0.0007571308117203505,0.00016476951396839345,1.2902951282671846e-05,3.224482682838905e-06,,,,,,,,,
4,,2008,1019,1407,IS_RTMI__SHZ,SHZ,,,,IS,3.5,,,,,,,34.6589,34.1689,,,,,,,,402.710227,,,,,,,,31.05451,34.69116,,,,,,,,,,,,0.4090342573428822,6.829069145386004,,,5.5069025503156344e-08,2.1567592438588243e-09,7.770981005009294e-09,2.787987664899206e-07,2.78944173993561e-07,2.7913972576649743e-07,2.7920806850041537e-07,2.800801569336138e-07,2.7857721956736413e-07,2.775096353352403e-07,2.744345742397923e-07,2.8563377918307224e-07,2.869119688802703e-07,2.9178252186923307e-07,3.0327288309754523e-07,3.066002529883608e-07,3.301878930779267e-07,3.030779694070837e-07,3.022781745955538e-07,3.0821070969401285e-07,4.870784714306115e-07,4.370393019049962e-07,4.839467090749273e-07,6.294307815156131e-07,9.930810320459434e-07,5.658751890081784e-07,1.1943656436137242e-06,2.9528358594727567e-06,9.323300167661671e-07,3.1271377364591225e-06,3.01302102992831e-06,4.666064049271577e-06,1.3596578314929602e-05,4.552038662873126e-06,2.3787508982832994e-05,1.3134335530183827e-05,2.7363919217520303e-05,2.0985513786607368e-05,6.333916400319093e-06,3.6690955666869598e-06,1.85778206137193e-06,8.492231582973748e-07,2.780650888459646e-07,1.6356411291817068e-08,1.898397920612971e-09,,,,,,,,,
5,,2008,1019,1407,IS_KZIT__BHZ,BHZ,,,,IS,3.5,,,,,,,34.6589,34.1689,,,,,,,,416.674052,,,,,,,,30.9067,34.3979,,,,,,,,,,,,0.19561682238531458,6.701949982553215,,,4.987653456989252e-06,2.450139485940862e-07,2.0085793004940894e-08,6.645473549719014e-07,6.652727442272171e-07,6.661084465472628e-07,6.679494954397029e-07,6.700648731289127e-07,6.736558044386059e-07,6.77356514631984e-07,6.830456405204579e-07,6.703552300108067e-07,7.918329156700694e-07,9.49877232081369e-07,1.4126942754856744e-06,1.1020784998321229e-06,1.4168017987918573e-06,5.370947855624418e-06,1.5510956278296433e-05,5.8261833782928764e-05,9.20919888864723e-05,2.8408867674805435e-05,4.668842766976469e-05,0.00015815124935752994,0.00015099549646989806,0.0001638017280624326,0.00021701341560599155,0.00024843206876963396,0.0004510831053196672,0.0004424589659823101,0.00046617822164955877,0.0006118448587381413,0.0012171437303161222,0.0005631444898183448,0.0016361921648347982,0.001074207961773924,0.000685033681040814,0.0008652615973528131,0.0005482083458567704,0.0009021186175188385,0.0001658742417531488,0.0001211266988236867,3.708136664770896e-05,4.167678655725615e-06,1.6592852839938807e-06,,,,,,,,,
6,,2008,1019,1407,IS_MMA0B__BH1,BH1,,,,IS,3.5,,,,,,,34.6589,34.1689,,,,,,,,215.13779,,,,,,,,33.01527,35.40305,,,,,,,,,,,,0.01,17,,,2.696734354330098e-06,1.00068430475617e-07,3.1115694051731135e-08,1.1296197825658518e-06,1.7445614921785546e-06,1.3498454275864288e-06,1.510315675051574e-06,9.645175998226562e-07,1.6585720957566323e-06,4.93786974338895e-06,1.6868689312948631e-06,3.601955445036251e-06,3.1529096210777987e-06,3.402444397077488e-06,8.83139733590535e-06,1.1292741542606267e-05,2.004438086144407e-05,3.4477444665505415e-05,2.2422618706448013e-05,4.103029070303368e-05,4.112591772416006e-05,5.828269168328956e-05,4.911257297696442e-05,0.0001604855915985044,9.22980134918279e-05,0.00010199584989287061,8.538699584779256e-05,0.00014125537433989634,6.839285063983756e-05,0.00015718776956036642,0.0002478983083482697,0.00033250290684663564,0.0004730361077890048,0.00013942516795140069,0.0005121827901644477,0.0007177248543024275,0.00040786134617786424,0.00026774140515202136,0.00039003776171216977,0.00031520543044713506,0.0002572666095504386,0.0001776029088452241,9.200968218812903e-05,0.0001213176023788751,3.8884098323901655e-07,,,,,,,,,
7,,2008,1019,1407,IS_MMA4__BHZ,BHZ,,,,IS,3.5,,,,,,,34.6589,34.1689,,,,,,,,214.927883,,,,,,,,33.01462,35.39752,,,,,,,,,,,,0.10796909150860352,14.477555778261765,,,1.6626373367407253e-05,4.623666642150041e-07,2.09475466895277e-08,3.020032748135916e-08,3.023805979832039e-08,3.028319249898973e-08,3.037353604771501e-08,3.0512401707586086e-08,3.0703683962559926e-08,3.109665491850576e-08,3.1710276502981954e-08,2.9646329591595255e-08,2.783072756268728e-08,8.125235234154384e-08,2.58923799164515e-07,3.4763278755090594e-07,9.376952043363945e-07,4.738514201261327e-07,4.164088759231062e-06,9.133352437173115e-06,6.359998831091055e-06,1.6242949138417585e-05,4.7359670652085475e-06,4.7406702086723265e-05,4.202496340203374e-05,2.3488194035936206e-05,0.00011339135834730123,7.994013199874681e-05,0.00010312191798881907,0.00024908315466158084,0.0002596057792515807,0.00029662845684380845,0.0007199083016863986,0.0012024921423969893,0.0007915144704232173,0.0006966945684854309,0.0018977424204165271,0.0053480928626624,0.0060648044477399346,0.00471920143744263,0.003061705675267553,0.0015005328357695477,0.00046471318736619353,0.0002745184917701614,2.624668649199757e-08,,,,,,,,,
8,,2008,1019,1407,IS_MMC5__BHZ,BHZ,,,,IS,3.5,,,,,,,34.6589,34.1689,,,,,,,,216.232514,,,,,,,,33.00869,35.41269,,,,,,,,,,,,0.15737845512441853,15.610773157806022,,,2.9229782162903823e-05,1.0040377923260693e-06,3.614458005032249e-08,6.765742605792958e-10,6.846470107754718e-10,6.940155631470899e-10,7.096061021542923e-10,7.379241877583182e-10,7.676662613088837e-10,8.605527303735717e-10,8.150127865598144e-10,9.703140914652656e-10,4.071935722941329e-09,1.635277323081644e-08,5.372162344043884e-08,9.807622538566311e-08,3.762614170052959e-07,3.5993173316007695e-07,2.460484307497194e-06,6.074929163246596e-06,3.054651655646134e-06,1.5624920084236388e-05,1.3319750139240501e-05,2.1325337072253217e-05,4.622351894524464e-05,7.444881003778823e-05,2.559814775508236e-05,0.0001461155406062565,0.00015197569925001628,0.00024981500761496017,0.00011850764491227482,0.00018887785868781153,0.0012926666164061857,0.0003670991205756034,0.0014412028213856287,0.002044185930192729,0.00157593533058845,0.0006353370466573934,0.003223918913755661,0.0034274635608508193,0.0011457800353283066,0.001447314229380759,0.00011295998489029936,0.00014181799746076527,8.032429048822456e-09,,,,,,,,,
9,,2008,1019,1407,IS_MZDA__SHZ,SHZ,,,,IS,3.5,,,,,,,34.6589,34.1689,,,,,,,,387.738314,,,,,,,,31.3106,35.3629,,,,,,,,,,,,0.20232171529551018,7.922493975857067,,,1.3662266482719108e-08,1.8893911926164533e-09,3.0722500892276844e-08,6.620544716675972e-07,6.627170272615345e-07,6.659315580117366e-07,6.724152105696494e-07,6.584288539671694e-07,6.829036103273074e-07,7.145799411619816e-07,9.035340773157597e-07,1.1584432885133599e-06,7.742468502342656e-07,7.615131252999658e-07,7.110546769237334e-07,7.87582532287845e-07,8.835914768610532e-07,7.346713492744175e-07,7.215861004926418e-07,5.366129604204526e-07,8.778935610229192e-07,7.622982919699517e-07,5.215558651390397e-07,8.837164113205449e-07,4.864867456883613e-07,5.420478634442858e-07,6.516013670856286e-07,1.3334621303975143e-06,2.4783174120913556e-06,1.2353137334742286e-06,1.8097821485897914e-06,3.2970051450038822e-06,2.7090866574031883e-06,2.437649781457983e-06,3.0326019547290807e-06,6.172614444259282e-07,4.2460917341501635e-06,4.921956406628248e-06,2.247848345230683e-06,2.300085874365017e-06,4.54604515670868e-07,7.651793357809532e-07,1.5478748063605228e-07,4.48999575790498e-08,6.986043398036304e-09,,,,,,,,,
10,,2008,1019,1407,IS_DSI__SHZ,SHZ,,,,IS,3.5,,,,,,,34.6589,34.1689,,,,,,,,358.639287,,,,,,,,31.5933,35.3922,,,,,,,,,,,,0.18763477559595848,11.548025876957055,,,1.9460243771744324e-05,7.105484919250945e-07,6.172064325007339e-08,3.0131482317334467e-07,2.98002772642122e-07,2.228207590006234e-07,3.956012253435758e-07,3.9762265779666857e-07,5.186115734250072e-07,1.2668100458636583e-06,1.218630755512846e-06,2.6122391875303723e-06,3.0552280342610147e-06,1.4738913318667328e-06,1.2927570219971095e-05,1.5919991558469668e-05,1.3113555909969368e-05,2.796712596378481e-05,6.812385324238687e-05,6.004840248236265e-05,9.58565187148722e-05,0.00010108409365756744,0.0001016261947640316,0.00014521072698003683,0.000186095106074036,3.221580144518297e-05,0.00019342709153984092,0.00028337800090460596,0.0005879060402824647,0.0002144831312872674,0.001975957009704067,0.0018302395301402002,0.0007067150910990473,0.001444507026069976,0.002648936489164412,0.0007878503433356641,0.0021808345010465246,0.002591561966185028,0.0013813219200631626,0.001544589282134163,0.0010971729563347796,0.0003909260845790599,0.0001934722320714329,1.2068411592255589e-05,3.185511205450005e-09,,,,,,,,,
11,,2008,1019,1407,IS_EIL__BHZ,BHZ,,,,IS,3.5,,,,,,,34.6589,34.1689,,,,,,,,557.989856,,,,,,,,29.6712,34.952,,,,,,,,,,,,0.35160608575313845,10.444048025110865,,,3.876492813819804e-05,2.5550160098963824e-06,2.6815371249911924e-07,2.9694874424151585e-07,2.9744984729627157e-07,2.984006381837097e-07,2.983415329329126e-07,3.018422589763208e-07,3.0422748265936056e-07,3.106719473250377e-07,3.124162434225067e-07,3.7293783921854895e-07,4.3394274448643443e-07,3.454631883026368e-07,1.5275379487268781e-06,2.654301026268894e-06,3.818183397019643e-06,1.7184437090925103e-05,4.0996791357400086e-05,9.890629271551123e-05,0.00033323900782782794,0.0004570724524628903,0.0009793964331048246,0.0006913080835617539,0.0014253543308295005,0.0027538503155460884,0.002007586169649465,0.003921808415894768,0.005347428579138197,0.004309669418526138,0.006385495946335594,0.014529502196199098,0.006652118523042741,0.0078020866250462844,0.01442851447658873,0.017432128851065622,0.0054278297468149704,0.006599067391913148,0.0003818959192236723,0.002252830086571955,0.0014969963454331615,0.00032190547450728214,0.00023744398524599197,3.7869563196800366e-05,2.025179964294691e-08,,,,,,,,,
12,,2008,1019,1407,IS_EIL__BHE,BHE,,,,IS,3.5,,,,,,,34.6589,34.1689,,,,,,,,557.989856,,,,,,,,29.6712,34.952,,,,,,,,,,,,0.20232171529551018,11.84179314417475,,,3.517126686373424e-05,2.2385079577800587e-06,3.351163896296741e-07,1.2578289272494678e-06,1.264386538196988e-06,1.2627510817510532e-06,1.2734890769420429e-06,1.2689061231942872e-06,1.2928346898557702e-06,1.3521660719150181e-06,1.5494725129760536e-06,1.7063089716579912e-06,1.7742529024614603e-06,5.421182809724934e-06,5.178490960426844e-06,4.936816154484066e-05,0.00010103486071370981,7.642127011869725e-05,0.00035346034564803823,0.0006345635213538735,0.0010656936192237354,0.0025814518686319964,0.0031972084550632345,0.00429632766242631,0.001156622128901412,0.0003386969055644109,0.003211315160553379,0.002046028724368039,0.004159113104606835,0.004927324784240206,0.005938192752904323,0.011302432549527014,0.01356030025774738,0.0033930786698736087,0.004333554472583202,0.0027840144900900055,0.004027168621675973,0.0027820988086652548,0.0016802399796730129,0.0018652788611830525,0.0021935239801503434,0.0012430613616859598,0.00021661319835820193,3.517264089738537e-05,2.935166863996722e-08,,,,,,,,,
13,,2008,1019,1407,IS_MZDA__SHN,SHN,,,,IS,3.5,,,,,,,34.6589,34.1689,,,,,,,,387.738314,,,,,,,,31.3106,35.3629,,,,,,,,,,,,0.2536471557609793,9.445609172774422,,,4.3952581923285294e-08,2.2140797040830472e-09,2.5161264516429543e-08,5.830577251073555e-07,5.81445506945813e-07,5.841328853380617e-07,5.84542254227199e-07,5.931791021222298e-07,5.702816109070033e-07,5.836800069862829e-07,6.838526330944475e-07,5.770903212285709e-07,7.376830093428383e-07,3.822561458477798e-07,5.449537540311821e-07,5.310058515383209e-07,5.115858918401045e-07,7.022421382977344e-07,8.327266102667841e-07,5.845122227469321e-07,5.585844885513346e-07,8.262408107001488e-07,4.535582530421099e-07,1.1216007399209931e-06,5.968596366250991e-07,7.83214616403146e-07,7.655430849228612e-07,2.799104115082189e-06,3.5184037968901413e-06,3.73259690963322e-06,4.727064605460306e-06,3.742493159280881e-06,3.7069158443023437e-06,6.30795331164284e-06,2.283133002285082e-06,1.4848762833915128e-06,8.055912614490405e-06,1.4558236602242605e-05,1.3695207032029699e-05,3.6943335144216125e-06,5.850843877325442e-06,2.7339313062060467e-06,3.574682855873516e-07,1.5835653299031526e-07,7.657062455823717e-09,,,,,,,,,
14,,2008,1019,1407,IS_MMA0__BHZ,BHZ,,,,IS,3.5,,,,,,,34.6589,34.1689,,,,,,,,215.149228,,,,,,,,33.01518,35.40311,,,,,,,,,,,,0.2536471557609793,13.426600924495034,,,1.547220827562919e-05,4.685441963187642e-07,1.9452262338296656e-08,2.15910130222088e-09,2.1500317235628717e-09,2.1394602789290323e-09,2.120378009294423e-09,2.089939538413301e-09,2.0528603323522063e-09,2.003904762873973e-09,1.8950273255457603e-09,1.8912905839878147e-09,1.9914038065447832e-09,2.5001270177847405e-09,9.052042137817568e-09,1.7054691492038812e-08,7.114278955242551e-08,7.069198844921097e-08,7.573148660847102e-07,2.540441770565169e-06,3.0705255540298764e-06,1.1223625258267837e-05,5.025353459052012e-06,3.484172493880778e-05,2.743088297412078e-05,3.547752538381214e-05,7.19867316034965e-05,6.703155559554391e-05,0.00013490468188987996,0.0002392585109995994,0.00043955602714238623,0.00042139344157753164,0.001240749453895468,0.0003174470611745022,0.0004766720373052323,0.001259820749923577,0.0020157759366968954,0.002803028386712698,0.005128814452871173,0.002427663119466644,0.0004268524316752211,0.001739181388514251,0.0007869842427260026,7.318482939415249e-05,5.525391408291963e-09,,,,,,,,,
15,,2008,1019,1407,IS_DSI__SHE,SHE,,,,IS,3.5,,,,,,,34.6589,34.1689,,,,,,,,358.639287,,,,,,,,31.5933,35.3922,,,,,,,,,,,,0.17401399034959145,14.84584660496123,,,3.29273161217205e-05,1.4344154224347194e-06,1.1261597842709359e-07,9.191489479328956e-07,1.0102544658368651e-06,8.293342732487733e-07,6.025799418725054e-07,5.320958401767149e-07,9.948926751715638e-07,8.08915167085532e-07,4.847189372345042e-06,4.610935337897159e-06,9.441611719952236e-06,6.41127859770281e-06,1.0162220805196225e-05,3.334122407106386e-05,4.2868415703659325e-05,5.5169186860605304e-05,8.175539197184953e-05,0.00014944182326708048,0.00012009394723867711,0.0003760030674121259,0.000788871545505398,0.0015710122468116765,0.000510630002298886,0.001798511516716292,0.0007525987762578403,0.001978147750242129,0.00204272243696292,0.0029600580159403274,0.0010502810374063924,0.004707819129991998,0.0006217850495248707,0.0032510358786810726,0.004632277908095729,0.003151394304423104,0.0025901704121407197,0.005178759154617891,0.0014669426329596258,0.004187221301568815,0.004235554700984114,0.004835418634922651,0.0016246801787349377,0.00010179565082267224,9.151404721851113e-09,,,,,,,,,
16,,2008,1019,1407,IS_MZDA__SHE,SHE,,,,IS,3.5,,,,,,,34.6589,34.1689,,,,,,,,387.738314,,,,,,,,31.3106,35.3629,,,,,,,,,,,,0.1423332577316923,8.982775129193653,,,5.0137703642334297e-08,2.277763052098292e-09,1.9511513644309194e-08,4.1345789802645363e-07,4.2680264854696465e-07,4.080195698008944e-07,4.4245853740195074e-07,2.524475658943484e-07,4.6950306567657886e-07,2.9865122464276374e-07,5.024792399780917e-07,1.3639424965659025e-06,1.8494658442772115e-06,1.5812698833279543e-06,1.8789429039499976e-06,1.1688178202345023e-06,1.967471803923622e-06,5.45341768467973e-07,1.5528843964038807e-06,1.23904263438395e-06,1.3768818646278057e-06,3.652351051336787e-07,2.2457614916294497e-07,2.9504452618287196e-06,1.753537479164631e-06,9.901983998193609e-07,1.6637619903412304e-06,2.810630359247843e-06,4.819411379036436e-06,2.7102494234869323e-06,7.804546430532822e-06,6.556472513549345e-06,1.0703529485516296e-05,5.74231082435993e-06,8.478188570529292e-06,1.4820119210332041e-05,1.4106534945740201e-05,1.529830197675721e-05,1.0851928366729721e-05,7.737480288989827e-06,1.909905560952359e-06,1.707653035762166e-06,2.1628157736225957e-06,1.713821745398463e-07,2.8476739563197583e-09,,,,,,,,,
17,,2008,1019,1407,IS_EIL__BHN,BHN,,,,IS,3.5,,,,,,,34.6589,34.1689,,,,,,,,557.989856,,,,,,,,29.6712,34.952,,,,,,,,,,,,0.14595403695435244,13.768156780330239,,,4.347289214019643e-05,2.7945621602654435e-06,4.1107998994439797e-07,3.706547964961906e-06,3.7153150462696436e-06,3.764710787730081e-06,3.6573016346862148e-06,3.818900473228993e-06,3.996358495338872e-06,3.633148308532773e-06,3.4234474714499973e-06,3.573650588102331e-06,1.0022372458263955e-05,1.6701324747202374e-05,5.623541782234292e-05,7.101860340590699e-05,0.00017806912435670808,0.0005542095858147289,0.0006231494309757483,0.0012594691246185664,0.0012632965885612264,0.002493355774469587,0.002697590556160964,0.004320748040170449,0.0058417324258133434,0.0011554295346206485,0.002907451244821675,0.0063133545349541844,0.004837758414166642,0.003948996963290567,0.01111428752090648,0.006217631473772112,0.006029029529620754,0.004484539757574366,0.008157534021365206,0.008600178504479796,0.004752527451227787,0.004862497350158949,0.0028510611232278856,0.0033340089222664527,0.0015780161359725772,0.0021136519917156478,0.0008354185970355832,0.0001310538649680673,1.5219723176495704e-08,,,,,,,,,
18,,2008,1019,1407,IS_DSI__SHN,SHN,,,,IS,3.5,,,,,,,34.6589,34.1689,,,,,,,,358.639287,,,,,,,,31.5933,35.3922,,,,,,,,,,,,0.22939878247817763,13.768156780330239,,,8.53221911951743e-05,4.024565739156066e-06,3.159900046399542e-07,4.658476748049395e-06,4.7202287080483144e-06,4.657821585448352e-06,4.5904621348257415e-06,4.766168949330957e-06,4.4933991978667065e-06,5.13898346682219e-06,4.223137765435543e-06,3.6303590895507566e-06,3.278657295492084e-06,5.6682123131196174e-06,7.721243063816991e-06,1.8315407647183245e-05,5.536298065194681e-06,4.351682618792829e-05,4.260927962778388e-05,2.6586463167445524e-05,0.0002576088204102391,0.0005228589236056444,0.00031035420294068297,0.0007603330006401755,0.002387739492549799,0.0021064422383230575,0.0019297800021366176,0.0036590557376630804,0.007275811239837344,0.004248755352924241,0.006034207954916345,0.005119525756083739,0.014911166371460706,0.00723547356174512,0.009085569531889527,0.011130686866947896,0.02374886193902103,0.0008283392684855233,0.01257185404082933,0.005885846668408913,0.008431611059729133,0.0036707818122832182,0.001559495739177633,0.0002902952826790467,5.6094225218444604e-08,,,,,,,,,
19,,2008,1019,1407,IS_MMB4__BHZ,BHZ,,,,IS,3.5,,,,,,,34.6589,34.1689,,,,,,,,214.560425,,,,,,,,33.02084,35.40199,,,,,,,,,,,,0.452015787813371,16.007891610655562,,,3.517119582337548e-05,1.0168926995704723e-06,3.376968591828659e-08,1.3562195831989545e-08,1.3562032962650087e-08,1.3561829540300275e-08,1.356148203342979e-08,1.356088087049489e-08,1.3560613354071055e-08,1.3559437304438024e-08,1.3558389194518204e-08,1.3565443487209052e-08,1.3553378477685935e-08,1.370445489325836e-08,1.4436497168672887e-08,1.3340371136786522e-08,1.4423818317471473e-08,1.0512273837337715e-08,7.98083432658614e-08,2.6082861964016575e-07,4.3267848729882893e-07,2.37098959596528e-06,1.6698238173314946e-06,2.2520361328256697e-05,2.6986215064630617e-05,4.633312446909206e-05,5.678923887773923e-05,6.34733388002849e-05,1.4019314979058483e-05,0.0003510896628569417,8.29002939682934e-05,0.0007380944515233589,0.0005443561074047555,0.0009268449406461132,0.0007387253828233635,0.0005730859627508671,0.0022795542832578135,0.00371608813531643,0.00815892420314307,0.0017184920220874199,0.00272953469294635,0.0015666218597120607,0.0012422708223610898,0.00015764910441222078,7.707840815726094e-09,,,,,,,,,
20,,2008,1019,1407,IS_MMA3__BHZ,BHZ,,,,IS,3.5,,,,,,,34.6589,34.1689,,,,,,,,215.572735,,,,,,,,33.01205,35.40572,,,,,,,,,,,,0.5810999317457595,15.22350628750272,,,4.659006849321392e-05,1.624957414230057e-06,8.415130367775651e-08,9.358878494192222e-07,9.359385987107811e-07,9.359984997082364e-07,9.36104881070996e-07,9.362799602587696e-07,9.364914772299959e-07,9.368089122397458e-07,9.372689968687776e-07,9.380295213642519e-07,9.389706464227657e-07,9.402817667017205e-07,9.4313754237519e-07,9.462610663142132e-07,9.502945817227923e-07,9.59478768908673e-07,9.937439350789082e-07,1.0511286260416042e-06,1.1194859178414856e-06,1.8315660619913045e-06,1.655616955421814e-06,9.369365802575826e-06,3.351595433050872e-05,2.3924988190598696e-05,0.0001869324144263793,0.00032021427389596313,8.98854286213214e-05,0.0005403553895555933,0.0009800784816535125,0.0005239397924512135,0.002135481859275903,0.003207550740759849,0.002381918581816334,0.0033046538197299695,0.004148801187641374,0.0032452905583670788,0.005617478945706305,0.011248069660003067,0.0003349161095795367,0.006449401019166157,0.0033151096644218046,0.00029358558106261015,5.763181889416341e-08,,,,,,,,,
21,,2008,1019,1407,IS_SLTI__SHN,SHN,,,,IS,3.5,,,,,,,34.6589,34.1689,,,,,,,,280.18275,,,,,,,,32.2408,35.041,,,,,,,,,,,,0.16969710913234198,10.982173594246373,,,1.0986970180656521e-07,6.3118744918585115e-09,3.970312758460313e-08,7.894889281515959e-07,7.866701982690773e-07,7.894600553126019e-07,8.116012592781158e-07,8.074309409935145e-07,6.693285094293783e-07,8.179287312225436e-07,1.3017018270797138e-06,1.2194997638943791e-06,1.0971919312869022e-06,8.990914607946222e-07,8.810786916938684e-07,9.421931262176496e-07,1.1237636722881772e-06,2.684364293334181e-07,3.7260222756867904e-07,2.009268028730055e-06,1.1359955064642581e-06,1.0016741678809755e-06,7.655811240992628e-07,6.869710030078917e-07,2.9142181348945497e-06,2.278120947128108e-06,2.4471388267881505e-06,3.196488874534593e-06,8.582804578776172e-06,6.247374087680717e-06,1.6555342111980096e-05,1.5397906120585667e-05,1.812561328348117e-05,1.3503028542999721e-05,2.6882466033224704e-05,1.0629073475182818e-05,1.0531571434226705e-05,1.0378970961315908e-05,1.333102750394416e-06,6.182948320902584e-06,2.5805012647913342e-06,4.003328814006461e-06,1.3283606698820747e-06,8.182402400790693e-08,6.927016721608318e-09,,,,,,,,,
22,,2008,1019,1407,IS_MMC6__BHZ,BHZ,,,,IS,3.5,,,,,,,34.6589,34.1689,,,,,,,,214.87913,,,,,,,,33.01203,35.39151,,,,,,,,,,,,0.16548731966907376,15.610773157806022,,,9.37151840596553e-07,2.8273067440036378e-08,9.236956235835342e-10,7.172333755565794e-10,7.184335365012115e-10,7.196309497159844e-10,7.22064407869406e-10,7.27774713003491e-10,7.352679583932146e-10,7.403897395677613e-10,7.78341833677289e-10,8.147742729455797e-10,9.032114360529556e-10,1.3088133848643406e-09,2.1066434990396176e-09,6.157969677635562e-09,1.5619081311697184e-08,1.800770470252435e-08,1.1917939111315743e-07,3.9087065971554555e-07,2.880124263624076e-07,7.606833827439911e-07,4.6214684504525055e-07,1.8953813142409428e-06,1.5076299654573653e-06,3.099700129825532e-06,4.056617991661414e-06,3.5313586271106417e-06,2.931922281413135e-06,1.9361755567032642e-05,1.4305870275740086e-05,3.841595880708882e-06,6.592602011873493e-05,5.622576552819852e-05,5.804030339323189e-05,0.00013811615811686406,0.00024589009648588175,0.00022589470018051166,0.00029303237358786814,0.00016928475818358963,0.000108993075139169,8.833033741147288e-05,4.424137345221133e-05,2.0619112162622835e-05,8.468569968891893e-10,,,,,,,,,
23,,2008,1019,1407,IS_HRFI__BHN,BHN,,,,IS,3.5,,,,,,,34.6589,34.1689,,,,,,,,518.571195,,,,,,,,30.04,35.03,,,,,,,,,,,,0.3101042891746055,9.932290562950914,,,7.029217391540003e-06,3.028574394488194e-07,4.3587571759105645e-08,1.083787370008367e-07,1.0832098649483917e-07,1.0825911570026838e-07,1.0810108355341716e-07,1.0789483923571336e-07,1.076427347596049e-07,1.0703936345304148e-07,1.0391139869461348e-07,1.1486886917557019e-07,1.1315809826845548e-07,1.450962245236737e-07,3.5489829612123026e-07,3.5502219719734707e-07,8.366964424521079e-07,1.6624435499018422e-06,3.791427583343557e-06,3.1648459929375325e-05,5.010364375048575e-05,0.0001385747207113892,0.0002019342228582882,0.0004542795640041007,0.0005328132637471649,0.0005597124917918679,0.00021724321038321993,0.0005492430429751016,0.0009777460066707681,0.00024089097381398977,0.0006995852419092371,0.00047764870678400904,0.001507302863396102,0.00035979865687525665,0.0007259574298390959,0.0007476310807154552,0.0010801522429051379,0.0016612674543981193,0.0014111579203407686,0.0005642834184748982,0.000807756688098526,0.0001879735672506529,5.4697076918158964e-05,3.5178541314927e-06,1.2292615899111031e-09,,,,,,,,,
24,,2008,1019,1407,IS_SLTI__SHE,SHE,,,,IS,3.5,,,,,,,34.6589,34.1689,,,,,,,,280.18275,,,,,,,,32.2408,35.041,,,,,,,,,,,,0.18763477559595848,14.11840138794345,,,1.1385491266014444e-07,4.278259763812562e-09,4.832700383350078e-09,9.236910904134058e-08,9.54216767368648e-08,8.870006353270913e-08,1.0802662930802657e-07,1.2601569030991122e-07,1.481195812171632e-07,1.6809206792799807e-07,3.6328268745627427e-07,2.947630557751155e-07,7.450257695258954e-07,3.6967087042354467e-07,6.285016328029108e-07,7.343983265155441e-07,3.0608518604208607e-07,7.541825829439768e-07,6.675751340372021e-07,6.704743596329086e-07,7.189184029133515e-07,3.7628758432696643e-07,8.743667443436376e-07,2.389459806178627e-06,5.462055501262822e-07,5.827276600808909e-07,1.2216179045757177e-06,2.745149485595118e-06,5.278545411283468e-06,2.3683072798269266e-06,1.9713698550055793e-06,9.913854088376298e-06,1.7690771257338958e-05,1.4457393513499329e-05,3.0865644758210767e-06,1.9544205482909803e-05,2.5322988378404415e-05,1.9301624121240626e-06,8.454310631178266e-06,7.97779213207256e-06,9.895382550939219e-06,7.336617997837153e-06,1.9667519264858435e-06,1.0159456174405137e-06,9.16307148697811e-10,,,,,,,,,
25,,2008,1019,1407,IS_PRNI__SHN,SHN,,,,IS,3.5,,,,,,,34.6589,34.1689,,,,,,,,484.011364,,,,,,,,30.3522,35.0052,,,,,,,,,,,,0.182979994466891,11.84179314417475,,,2.120437964554153e-06,1.389342866458443e-07,1.1438469682878913e-07,2.363698354422848e-06,2.361197305130543e-06,2.3603238572999353e-06,2.3364682637772452e-06,2.635328879654156e-06,2.4266528269877067e-06,2.22351222767505e-06,2.0932877994655342e-06,1.964899154195684e-06,2.6197638719836e-06,4.021399459362149e-06,5.007457229824267e-06,1.0553252774405933e-05,1.5070513481282303e-05,2.4707481010592155e-05,2.4753544312674487e-05,7.812998032190975e-05,0.0001908449922591702,0.0001362375053405375,0.0001739461498744388,9.504730631035627e-05,0.0003203368561735918,0.0002991813910204261,0.0005128485108211576,0.0009604153534715611,0.0005967318260516151,0.0005727328913093726,0.00045294456832885413,0.00017181706717520192,0.00021340857769330744,0.00022082399891467432,0.00021413178631388412,0.00022245601619762912,0.0013765463821154725,0.0006904408417163374,0.0003979724936578401,0.0004672470809220376,0.0002570242463652158,0.00011322438763278236,2.3549103135630788e-05,7.625402802446537e-06,2.447101924266071e-08,,,,,,,,,
26,,2008,1019,1407,IS_HRFI__BHE,BHE,,,,IS,3.5,,,,,,,34.6589,34.1689,,,,,,,,518.571195,,,,,,,,30.04,35.03,,,,,,,,,,,,0.2181582617087067,11.548025876957055,,,5.566455483240149e-06,3.33840870136192e-07,4.1937252609751524e-08,1.2845339915715476e-08,1.2867044083233237e-08,1.2650006655129994e-08,1.2666389530757455e-08,1.1750686283515604e-08,1.0699119196628814e-08,8.791187699909967e-09,1.6923867719727377e-08,4.1057831156295564e-08,2.5687349646266947e-08,1.7958377968021475e-07,5.60955850298971e-07,1.169921029054386e-06,2.6046107738013813e-06,4.873816348692398e-06,2.527652255150248e-05,2.8982086526334713e-05,0.00015771561775510722,0.00022257204851333114,0.00011530855125212695,0.0004773069790138001,0.00010332651926177741,0.00011118965091692448,0.0001649658460409793,0.00046842280154027997,0.00043264709648922105,0.0016005686740619908,0.0005780330405257742,0.0016996591127758046,0.000268484607053574,0.0008997932796957566,0.002444099034305197,0.0017059616485289408,0.00043313582704021986,0.0006432828781016027,0.00019989138516012585,0.0002495492550313028,0.0002327042389273666,0.0001751919402394601,0.00016272770672586095,8.647128878686103e-06,3.021150953784002e-09,,,,,,,,,
27,,2008,1019,1407,IS_HRFI__BHZ,BHZ,,,,IS,3.5,,,,,,,34.6589,34.1689,,,,,,,,518.571195,,,,,,,,30.04,35.03,,,,,,,,,,,,0.24735476145225985,11.84179314417475,,,6.79607685981937e-06,2.9065478021792464e-07,2.6853079978223155e-08,1.8380307085466634e-07,1.838294844686542e-07,1.8401845185074922e-07,1.837929890912487e-07,1.842795829130374e-07,1.8418245542187266e-07,1.8304991301200263e-07,1.87668968158717e-07,2.0003693884978244e-07,2.2569593518064157e-07,3.4428170138955356e-07,7.325122953510926e-07,6.799980086549047e-07,1.2798423713770369e-06,3.53632149590863e-06,1.1992155819474854e-05,1.7654803139422335e-05,0.0001379325981612791,9.384359373998906e-05,0.00010849571885325964,0.00013890759749716857,0.00016436340316000294,0.00020226434137331494,0.00026338792351072185,0.0009057248749371166,0.0005501509008203299,0.0004998278718691546,0.0010160103341152176,0.0009763881490077377,0.00020590226447197188,0.0014131716466512707,0.002049133665876778,0.0004505858569967721,0.0004257797116967832,0.0005552153766913902,0.0011266776294530587,0.0009433494215751326,0.001716860208134282,0.00044254898997911384,0.0007314991019588706,1.1677472276487344e-05,5.030235850268429e-09,,,,,,,,,
28,,2008,1019,1407,IS_MMA1__BHZ,BHZ,,,,IS,3.5,,,,,,,34.6589,34.1689,,,,,,,,214.871967,,,,,,,,33.01812,35.40311,,,,,,,,,,,,0.47530572792954845,13.0935182727725,,,3.1234869658307586e-05,1.0221419609959994e-06,3.110905943603445e-08,2.1299138839914696e-08,2.1301355332291284e-08,2.1303965694373756e-08,2.130864896552964e-08,2.1316265592953783e-08,2.1325630566294557e-08,2.1340033965438586e-08,2.1358183212713082e-08,2.1401050655999714e-08,2.1457882651166555e-08,2.1464957118590115e-08,2.1924935062814556e-08,2.1404182079581726e-08,1.928202191053948e-08,2.6422968993759688e-08,8.637451253743193e-08,2.3775769117561846e-07,4.5050855361513075e-07,1.9394824889235546e-06,1.6703895729757546e-06,1.5469253920029836e-05,1.5983622513346738e-05,4.708960152520136e-05,5.552407022106442e-05,3.540333106726158e-05,7.348283374931984e-05,0.00014407800126588248,0.0002160414081560022,0.00023386515687615384,0.0003972158104783336,0.0011656316028345992,0.002497898685595389,0.001332058352923247,0.0031260778927015226,0.002636842673862513,0.0034141377435534903,0.0006712958349114899,0.0019934218263689646,0.0012663516719336669,0.00023605849773802973,0.00013760145541908065,7.114180600222309e-09,,,,,,,,,
29,,2008,1019,1407,IS_SLTI__SHZ,SHZ,,,,IS,3.5,,,,,,,34.6589,34.1689,,,,,,,,280.18275,,,,,,,,32.2408,35.041,,,,,,,,,,,,0.21274626408445713,12.143033481526487,,,1.258383338476202e-07,6.886616482081948e-09,3.157652929280868e-09,6.112323604318093e-08,5.86133525106469e-08,6.222886733471603e-08,4.883077023291631e-08,3.897439242682847e-08,1.0373000224036963e-07,5.8189239175534654e-08,1.6818631907651e-07,4.39361659803124e-07,5.10095811910255e-07,3.196707159213521e-07,2.6856062937169666e-07,4.4715847977416083e-07,5.126134404310672e-07,3.382914153466873e-07,9.310654204722365e-07,1.8757479428365337e-06,3.4213772811086464e-06,3.1070393539209916e-06,1.6320260693563165e-06,3.766652397677453e-06,6.114374852835537e-06,3.0796528322916897e-06,6.6682059173642675e-06,6.765899849615083e-06,1.2081185922382177e-05,1.2291320286715369e-05,1.5328568256163268e-05,1.9890459906130944e-05,2.3789412298464923e-05,4.400675913118469e-05,2.7931107661103896e-05,7.043980440927071e-06,3.6280641987614916e-05,2.047206135748798e-05,2.8741699955130242e-05,2.8864092071127384e-05,1.2371823624782993e-05,5.854538437197407e-06,6.54801477123106e-07,2.5726124572620754e-07,6.862543706659988e-10,,,,,,,,,
30,,2008,1019,1407,IS_MMB1__BHZ,BHZ,,,,IS,3.5,,,,,,,34.6589,34.1689,,,,,,,,215.53315,,,,,,,,33.01513,35.41081,,,,,,,,,,,,0.23523439924503559,15.610773157806022,,,3.113170523289201e-05,8.969459497433571e-07,3.049322962816992e-08,2.2625726308429203e-08,2.2626614145427987e-08,2.2627627626419503e-08,2.262984800715209e-08,2.2633014607383864e-08,2.263912247914619e-08,2.2651432534399794e-08,2.2594254880025773e-08,2.251997397846083e-08,2.2028149740116824e-08,2.5673646340027105e-08,3.283951592698677e-08,4.105405174025299e-08,8.17562515295159e-08,4.986275837317226e-08,9.345198151988258e-07,3.0056006278328243e-06,2.1939679365880817e-06,1.2152437234165564e-05,9.318853249307527e-06,2.8185503548036346e-05,1.722276753585796e-05,6.590065963422673e-05,6.119928759224414e-05,1.807555902075634e-05,0.0001938056877920161,0.00018723954374746596,0.00019963683528087837,0.0003775648814729977,0.0007654735262123374,0.0016950521724517485,0.0011056679205580721,0.0018788972300800202,0.0019387641842642373,0.0015175296035796657,0.005982913421232469,0.002176445389394224,0.0010257749407117456,0.0007057112874103539,0.0007069002151723158,0.00041006377853273454,4.345464800139405e-09,,,,,,,,,
31,,2008,1019,1407,IS_MMC2__BHZ,BHZ,,,,IS,3.5,,,,,,,34.6589,34.1689,,,,,,,,214.47553,,,,,,,,33.02681,35.41164,,,,,,,,,,,,0.4997956732783731,16.415112257931984,,,3.2017336303900007e-05,1.0024381818452875e-06,3.6865087662443336e-08,1.0568586563057812e-08,1.0570319895881675e-08,1.0572353314800268e-08,1.0575988891895792e-08,1.0581931557738035e-08,1.0589169013567898e-08,1.0600084819623728e-08,1.061410554746107e-08,1.0635363242285745e-08,1.0646446016952448e-08,1.0714048582505143e-08,1.0591072502002696e-08,1.13246823068697e-08,1.5930371019047574e-08,7.298685607664691e-09,5.2864970528548845e-08,1.7758920557266428e-07,3.6878699859726477e-07,1.6952003349380335e-06,1.4176189596907478e-06,1.926900126128172e-05,1.9889907693639756e-05,1.3424930916831955e-05,3.6283072305889965e-05,3.8404276143069206e-05,7.131813828447415e-05,0.00018514050527234329,0.00023314529314510366,0.0005165041595448298,0.0009819838060750512,0.0006501762684213445,0.001377407540909331,0.0022004834838068752,0.0008229161580347143,0.0016709319389130214,0.0051361643234327055,0.003914265781260123,0.005678132243297374,0.0010460806261900783,0.0008125914375480268,0.0010580674301170288,5.7090078997588185e-08,,,,,,,,,
32,,2008,1019,1407,IS_MMA0B__BHZ,BHZ,,,,IS,3.5,,,,,,,34.6589,34.1689,,,,,,,,215.13779,,,,,,,,33.01527,35.40305,,,,,,,,,,,,0.07595621906578284,16.415112257931984,,,2.9849912513155582e-06,1.399788388328327e-07,1.7432111081624117e-08,1.439735360277592e-08,1.5647704987785597e-08,1.3744783638721083e-08,1.5192416148734613e-08,1.5306329573085115e-08,3.917245377427539e-08,7.797239634708868e-08,3.645940806445838e-07,5.571505642514259e-07,2.0973773743022242e-06,6.0323687216464526e-06,1.3246747705619262e-05,1.1326229597286038e-05,2.2780193035635557e-05,1.1178030366100087e-05,4.478610583301541e-05,7.445209085661871e-05,3.166463868630117e-05,9.329567808442552e-05,2.872716941743991e-05,0.00014997376463984398,8.81604259744903e-05,8.41753518687102e-05,0.00016803289666731178,8.143480326690256e-05,0.00017205375627978123,0.00026325411348769275,0.0004075637677861164,0.0003356123089607897,0.0007886722523488553,0.00016810834086203164,0.00014469173949902838,0.00046184400856089406,0.000537453625063249,0.0005532821684496663,0.0008229813897888449,8.441987222881334e-05,0.00014715080105025168,0.0003657219611076692,0.00011621557526269521,1.8252302982791424e-05,2.614345325863755e-09,,,,,,,,,
33,,2008,1019,1407,IS_MBRI__SHE,SHE,,,,IS,3.5,,,,,,,34.6589,34.1689,,,,,,,,544.113229,,,,,,,,29.79329,34.9152,,,,,,,,,,,,0.13880230159616835,12.76869862473219,,,9.0875213223149e-11,6.5843056830391735e-12,2.933277419004318e-12,6.31931234760329e-11,6.343357387028094e-11,6.328680658780152e-11,5.857129627010972e-11,5.964515067650244e-11,6.29056261572988e-11,6.475898909638684e-11,5.829776858299105e-11,6.838272375318189e-11,4.490852285632039e-11,1.0665835937330412e-10,7.589575575534988e-11,2.871370093093167e-10,2.7009914931305516e-10,4.706059031204941e-10,6.711242959888343e-10,5.440869194274919e-10,9.94049709205975e-10,6.781823905980374e-10,1.0536851429466607e-09,1.5642860436299226e-09,4.24093334225981e-09,1.560298120488226e-09,4.769399503356093e-09,1.4841746812311239e-08,2.6648744850243333e-09,1.802446511465161e-08,1.2431022103969181e-08,1.5086144476246753e-08,2.0517809608938578e-08,1.8535649916765125e-08,1.5074932730823543e-08,4.4920120542779454e-08,2.4407553245764508e-08,7.262609260215837e-09,8.918582208629768e-09,1.4794396021057693e-08,1.0351649706307513e-08,5.765065393714124e-09,2.3223199572564993e-09,5.659812084218063e-10,4.311878025873977e-13,,,,,,,,,
34,,2008,1019,1407,IS_MMC4__BHZ,BHZ,,,,IS,3.5,,,,,,,34.6589,34.1689,,,,,,,,216.663077,,,,,,,,33.00722,35.41861,,,,,,,,,,,,0.14966692425061529,15.22350628750272,,,3.21088525981134e-05,1.071521466428431e-06,3.5174491622816605e-08,1.4708801123113882e-08,1.4723995182892737e-08,1.4741985519758828e-08,1.4776120438533994e-08,1.4829690323939648e-08,1.4915588721389407e-08,1.501526021084993e-08,1.5100525736370156e-08,1.4687152388315994e-08,1.668317196646345e-08,1.165163151854677e-08,8.837883109309249e-08,1.0108624669947187e-07,4.83581750804867e-07,3.388644179426367e-07,2.606130684972894e-06,5.95837657775926e-06,4.65752906419131e-06,1.6062119365983904e-05,1.2732546036968258e-05,3.20131723935875e-05,3.786670935769141e-05,6.0637032992656285e-05,6.883605082056999e-05,0.0001212610729021995,9.061827187847772e-05,0.00023033321507388878,0.00022373702571835263,0.0006409619933305064,0.0009021501380199409,0.00027662297850274934,0.0007492691039001195,0.0021877532844762197,0.0024169524415607823,0.0007774178547071757,0.0077011256804293705,0.0060100082239348375,0.0019536487901065254,0.001521623289308691,0.0006377875892823667,0.00025078741086389524,1.7458099749641762e-08,,,,,,,,,
35,,2008,1019,1407,IS_KRMI__SHZ,SHZ,,,,IS,3.5,,,,,,,34.6589,34.1689,,,,,,,,506.29501,,,,,,,,30.1178,34.7257,,,,,,,,,,,,0.07407192243676099,8.982775129193653,,,2.9627510155609625e-06,1.1549540245077328e-07,6.447372293327101e-07,1.4742950366670335e-05,1.6133016758219747e-05,1.859657625737963e-05,1.0473046134816907e-05,2.6629595000738172e-05,1.752326754919843e-05,4.778775351071983e-05,5.4659590293054765e-05,4.479147829174111e-05,0.00011038652356858033,0.00013375827526579116,0.00016514630983878844,0.0001827015977954593,6.578579986959545e-05,0.00014220547098803052,9.60392030323086e-05,6.682716454304513e-05,2.6753453601484796e-05,6.0872073861326177e-05,7.779059409672562e-05,5.9298334673831495e-05,9.601776140047564e-05,4.424844712762951e-05,5.3720629063490745e-05,0.0001396675922450597,0.0002196233256976679,3.697036520883047e-05,0.00016936315622281765,0.0003323674713060925,8.689175561990706e-05,0.0005149886924694334,0.000728853218469622,0.0007149078746960997,0.00040028393974806027,0.0006568490925375977,0.0016382275842265512,0.0014689042246587107,0.0002444958901305968,0.0004786389696350948,1.4571913664164688e-05,2.987000225664977e-06,5.0465692044457693e-08,,,,,,,,,
36,,2008,1019,1407,IS_MMC3__BHZ,BHZ,,,,IS,3.5,,,,,,,34.6589,34.1689,,,,,,,,215.386877,,,,,,,,33.01826,35.41381,,,,,,,,,,,,0.0839850966960839,14.11840138794345,,,2.8874675092004354e-05,9.528169709244397e-07,3.0398495538266734e-08,1.3726032655274095e-08,1.3753547564261511e-08,1.3787972576795563e-08,1.3848728508569945e-08,1.4022075364805186e-08,1.4144930940131835e-08,1.450212232054645e-08,1.2767692594386243e-08,1.7991100224309552e-08,3.8038737625968094e-08,1.6803200802123404e-07,4.1104704362548845e-07,5.669306223951108e-07,1.5476619024184926e-06,7.558907183252472e-07,4.392036436618658e-06,8.336830886360795e-06,5.3912542074121365e-06,1.8271829340015274e-05,9.579122278016838e-06,3.735034908898566e-05,3.268162092704881e-05,4.309122615764066e-05,6.512849705850162e-05,8.249688700238958e-05,0.00011346268450349965,0.00017981316876582753,0.00039106922873697263,0.0003752645268092703,0.0006945156434192315,0.0016829334073379543,0.0004959660658851135,0.0021757363481743116,0.0018621357164673193,0.0037878309674002357,0.00462791109342005,0.00352561783765076,0.0008775040744778927,0.0005913575337508719,0.0012638434846646157,6.885482202402882e-05,1.2378613639832739e-08,,,,,,,,,
37,,2008,1019,1407,IS_PRNI__SHE,SHE,,,,IS,3.5,,,,,,,34.6589,34.1689,,,,,,,,484.011364,,,,,,,,30.3522,35.0052,,,,,,,,,,,,0.20232171529551018,14.11840138794345,,,3.4431411533106085e-06,1.9385103782731493e-07,7.71901671891372e-08,1.5626022816442096e-06,1.577828653484749e-06,1.5833878051186715e-06,1.5617488303412866e-06,1.5487846599679474e-06,1.6243269421509772e-06,1.6879411365694506e-06,1.6903543721139372e-06,1.4423277728094563e-06,1.6653571609994572e-06,2.036665362251631e-06,3.8994928775353e-06,1.3363803894297207e-06,7.24564442531118e-06,2.4652266035606397e-05,5.689603893363539e-05,0.00011301907162535803,6.487047271109246e-05,0.0002818898304934017,0.00023029403451077935,0.0006108613801237459,0.00047746345441538154,0.0009188715091168354,0.00033545777183039105,0.0011218866685693296,0.00044495922167069523,0.0002800748128022485,0.0007712967353345664,0.0003381595901594638,0.0001833827784637267,0.00039406941799743824,0.0003132076917530452,0.00035926488604951125,0.0005744960644206036,0.0013516794365669611,0.00017335599294578466,0.00043445688878317667,0.0005052192059908779,0.0003594082971623041,0.0003755304999522866,1.8777868838301804e-05,1.3629643101956304e-08,,,,,,,,,
38,,2008,1019,1407,IS_MBRI__SHN,SHN,,,,IS,3.5,,,,,,,34.6589,34.1689,,,,,,,,544.113229,,,,,,,,29.79329,34.9152,,,,,,,,,,,,0.18763477559595848,11.548025876957055,,,1.1588688957955298e-10,7.820223868044915e-12,4.659197608505158e-12,1.0080920517236561e-10,1.0120404889452668e-10,1.0201073980782505e-10,1.0132758189917225e-10,9.814678271956003e-11,1.061969134633076e-10,1.1003686497207842e-10,1.0560144683208894e-10,9.885287516577909e-11,1.295139766281012e-10,1.1545943196406887e-10,1.7603347714970927e-10,1.6644112806266496e-10,2.3553368560875255e-10,2.0311766974626189e-10,6.454711783671694e-10,5.698291826391511e-10,8.028858630783903e-10,3.280777148245084e-09,1.8994414447625474e-09,8.244399401093512e-09,5.088730223702633e-09,6.837544576893387e-09,1.2017310636109603e-08,1.4711592440317139e-08,7.2269434792758394e-09,2.2279828983929366e-08,3.085783979394374e-08,9.718109822729575e-09,9.809717095219949e-09,8.185792008682062e-09,3.950950349723198e-08,3.1699716634490564e-08,1.924425577445396e-08,7.1096496358814816e-09,2.1819988988216494e-08,6.385178913209058e-09,1.831193624108172e-08,2.4259019213314915e-09,3.869781881174249e-10,1.5985068749527851e-10,1.0372076758159453e-12,,,,,,,,,
39,,2008,1019,1407,IS_MMC7__BHZ,BHZ,,,,IS,3.5,,,,,,,34.6589,34.1689,,,,,,,,213.983216,,,,,,,,33.02205,35.39256,,,,,,,,,,,,0.28045867955622106,15.610773157806022,,,1.1901878026521542e-05,3.384219567314517e-07,1.4216449142279187e-08,6.4863865717410355e-09,6.4887232977639485e-09,6.491575064940545e-09,6.496597116932533e-09,6.5059869386272745e-09,6.5150141990921506e-09,6.531073259700057e-09,6.559637477971899e-09,6.593729828644181e-09,6.596941350749827e-09,7.874266430440795e-09,1.2937296960982378e-08,1.6787367226807165e-08,4.9756462474590424e-08,4.56124528326308e-08,4.713748973634295e-07,1.9581382013517524e-06,3.0265247638402744e-06,9.244862185942553e-06,8.171004218039041e-06,5.008177819858879e-05,3.8873057452939025e-05,3.1612154856355476e-05,5.364583416463718e-05,6.307362895403929e-05,6.127888745486317e-05,0.0003163766868668623,0.0002742997778232836,0.00018516139737548051,0.0003560334144269466,0.0012585830822395582,0.0011302701406759447,0.0005879324046803444,0.0013422978388478504,0.001292112153766063,0.0031819546353713596,0.0013252866474643538,0.0023328711806630538,0.001567932553042474,0.00041769792661250333,0.0001277312150188888,1.9270951775236597e-08,,,,,,,,,
40,,2008,1019,1407,IS_MMLI__BHZ,BHZ,,,,IS,3.5,,,,,,,34.6589,34.1689,,,,,,,,272.429109,,,,,,,,32.438,35.422,,,,,,,,,,,,0.16138196526315954,13.768156780330239,,,2.84180644771065e-05,1.0148550613892434e-06,1.0890032850220852e-07,3.1552682314096847e-09,3.4048194361721343e-09,3.3711099561875587e-09,3.159528855989895e-09,9.726558018741977e-09,1.4560070770691492e-08,2.339040152596911e-08,5.917431648498375e-08,1.6852807428140599e-07,4.941663714161231e-07,1.9302793061893043e-06,4.13013054994167e-06,1.367069392921137e-05,1.493318470173871e-05,3.8873881343885567e-05,8.191614964648907e-05,0.00026472907459179423,0.0004208196137776178,0.0003979797247622795,0.0003749818563688772,0.00024502897873325406,0.0013979849868729092,0.0007009334531984391,0.00027014838810547154,0.0015739965726854228,0.0009906999203806574,0.0013928922164469855,0.002805503351887087,0.004254498754224952,0.004166277979115602,0.0025183158013197962,0.0026999997010603355,0.0018613739813299747,0.0032231875133693667,0.002299548516866088,0.002585371485480791,0.007606972095363451,0.004455873222171559,0.0029173521973106815,0.0005585669748038985,0.0004293760803652599,1.2396251945280288e-08,,,,,,,,,
41,,2008,1019,1407,IS_OFRI__SHZ,SHZ,,,,IS,3.5,,,,,,,34.6589,34.1689,,,,,,,,238.337306,,,,,,,,32.6217,34.9862,,,,,,,,,,,,0.24735476145225985,13.768156780330239,,,6.979795963339845e-06,4.3376438655673614e-07,2.9690706939532307e-08,5.44444516865106e-08,5.4409849073483804e-08,5.436415501188218e-08,5.4290108844603736e-08,5.417635862777105e-08,5.3988446872728985e-08,5.367920153623922e-08,5.352098891680884e-08,5.395668055769174e-08,5.215106355599802e-08,5.300491986227213e-08,5.296166106234718e-08,6.18664575091494e-08,8.157032127259504e-08,7.15234102301109e-08,1.2563098554111278e-06,3.985128705340699e-06,1.601997536640571e-05,1.4989375820229168e-05,3.668438163656647e-05,6.624546546146806e-05,0.0002014530678738412,0.00016650450462327043,0.00043960275572107647,0.0004461238717363841,0.0007856373778816609,0.0006891320762923668,0.000966903955945405,0.0010999427659668963,0.001081598249542548,0.001253517491975666,0.00253833874968459,0.0006870521377433747,0.0008690027276360974,0.0011911833614020207,0.000344597010747878,0.00032246417710643944,0.00012895419940947502,0.00027617314811559433,0.00018647532260433565,2.005047335032161e-05,3.1302114806014675e-09,,,,,,,,,
42,,2008,1019,1407,IS_MMLI__BHE,BHE,,,,IS,3.5,,,,,,,34.6589,34.1689,,,,,,,,272.429109,,,,,,,,32.438,35.422,,,,,,,,,,,,0.13535894024649903,19.085440556365885,,,4.38449010457844e-05,1.4206675397705784e-06,1.1943668227525865e-07,1.4410069618235045e-07,1.4531059865494967e-07,1.4192392311556235e-07,1.4092997501770087e-07,1.662194527063737e-07,1.9249096088268736e-07,1.5927659158189242e-07,2.3167153921576513e-07,7.796488581003709e-07,1.8652164224670491e-06,2.325908338259937e-06,2.954647398005666e-06,1.966153426738184e-05,1.3680880829043326e-05,4.072286266397687e-05,3.732839999690614e-05,7.950493860741766e-05,0.00031694711019248723,0.0001677223644185396,0.0007436371598030431,0.00037214493544114846,0.0004833560259867754,0.00011924867161426672,0.0003672394971774625,0.0025125442931972146,0.0006667483878525038,0.0007442194795225039,0.0022416606334816733,0.005127290889470597,0.008734996837438837,0.0014949117267035591,0.001953688167494734,0.014642933307537805,0.006132460544086485,0.005999990914104829,0.007000319241111192,0.004938336472029062,0.002346366222525084,0.0045667771886296555,0.0013784335504938281,0.0011231021787665738,4.223098014541772e-06,,,,,,,,,
43,,2008,1019,1407,IS_MMA2__BHZ,BHZ,,,,IS,3.5,,,,,,,34.6589,34.1689,,,,,,,,215.531234,,,,,,,,33.01249,35.40572,,,,,,,,,,,,0.1287263637230419,18.61197529247999,,,2.6333710566659474e-05,8.605476424271202e-07,4.03395928688606e-08,3.5899860356113613e-07,3.590838557955034e-07,3.5919716732360474e-07,3.5942771845393985e-07,3.5987911179143955e-07,3.6058085956128163e-07,3.6181883126073335e-07,3.6410002278766733e-07,3.6788454643615374e-07,3.712135398274637e-07,3.679384833984212e-07,5.12765132403048e-07,4.717642652462693e-07,6.422045834262852e-07,5.788041470880511e-07,3.6582099039017598e-06,7.231165820841014e-06,5.339460627461544e-06,1.6426345067090968e-05,8.947912091946747e-06,2.6026570607084448e-05,3.483006751212175e-05,4.037173493615764e-05,7.876628276654852e-05,9.847511981220343e-05,3.185130793446668e-05,9.577009063268534e-05,0.00043086235181919244,0.00014240322185632632,0.0003219854649205789,0.0001045455486896334,0.0007521486262837299,0.0002670660419887096,0.0021580278566645386,0.0018669510717171575,0.005805291936747075,0.005436279073631974,0.0017314571619667957,0.0019703078938583243,0.0002584660120843495,0.0004886423481737749,2.4122414057320273e-07,,,,,,,,,
44,,2008,1019,1407,IS_KRMI__SHN,SHN,,,,IS,3.5,,,,,,,34.6589,34.1689,,,,,,,,506.29501,,,,,,,,30.1178,34.7257,,,,,,,,,,,,0.17844068760047355,11.84179314417475,,,8.62559582194023e-06,2.665442492407017e-07,7.856257971187745e-08,1.5381141864681502e-06,1.5238385477335046e-06,1.4903828009458504e-06,1.5830283892474106e-06,1.5378673851650764e-06,1.6131655651431676e-06,2.796288048960449e-06,1.9207694063819353e-06,5.323374817142234e-06,1.1588523212691409e-06,6.070845002432133e-06,7.186628375393537e-06,1.7491017671369907e-05,9.737899583703124e-06,1.1679107615098928e-05,3.240083756725116e-05,4.2316060671995015e-05,6.510084660606197e-05,5.0419240445780846e-05,0.00011323392205370229,0.00021248873086510497,9.500416286389234e-05,0.00022870313279622751,0.00019329189986179172,0.00013021798360924464,8.434544068419121e-05,0.0002266776187292032,0.0002194955023478462,0.000582893864086209,0.0013154239660466535,0.00039077721351139203,0.0014015704318600026,0.0013185352693737072,0.0012908161069313069,0.001529301843825461,0.0019871291195825446,0.002866480676438934,0.001065838391103426,0.0010957694509559238,0.0003636697356854935,4.4426999752850965e-05,1.7957058105685014e-08,,,,,,,,,
45,,2008,1019,1407,IS_MMC1__BHZ,BHZ,,,,IS,3.5,,,,,,,34.6589,34.1689,,,,,,,,213.73228,,,,,,,,33.03052,35.40368,,,,,,,,,,,,0.15737845512441853,18.61197529247999,,,3.503907823834864e-05,1.208245425944256e-06,3.920019908574237e-08,1.2516453363761816e-08,1.251580952729766e-08,1.2514895388319577e-08,1.2515213903818349e-08,1.2512478606658142e-08,1.2511675908533666e-08,1.2526430381812231e-08,1.2337870277156604e-08,1.1924083420315443e-08,9.71483155240146e-09,2.596243319767638e-08,6.102006364896711e-08,1.1265335925840323e-07,4.119000707031622e-07,2.9132316427346986e-07,2.9578924959054584e-06,6.038089636295709e-06,8.03586423032522e-06,1.7791684182686908e-05,1.4375275665054525e-05,5.2369912521504404e-05,2.905284748026754e-05,2.727811630508755e-05,5.688505246562161e-05,0.00011504385779951084,0.00017035156592109328,0.000206202908751834,0.0003086475409055294,0.0005254015560339573,0.0005201946103824869,0.0009280723060517625,0.0016537579074660574,0.0014132599723659244,0.004729564950941879,0.001195544239288097,0.004547626520714772,0.0018626300419849599,0.003647844003262409,0.0035003101327612533,0.0005552950556449193,0.0006875030234721102,3.068694548563997e-07,,,,,,,,,
46,,2008,1019,1407,IS_MMB3__BHZ,BHZ,,,,IS,3.5,,,,,,,34.6589,34.1689,,,,,,,,213.955554,,,,,,,,33.01954,35.38714,,,,,,,,,,,,0.10529063018350757,17.69999009109423,,,3.01267676765909e-05,6.205012233986944e-07,2.0188267562203743e-08,2.2101703062298317e-08,2.21270302354858e-08,2.2156682516741822e-08,2.22165830736267e-08,2.2312972823037252e-08,2.2432248915868617e-08,2.2551880013927065e-08,2.3950952201958507e-08,2.0850105966404588e-08,1.1138412824178103e-08,8.998105559448508e-08,2.0185247542091238e-07,3.773874505454813e-07,1.0915477381821254e-06,4.2544293415917515e-07,4.2552998840914395e-06,8.165586596007358e-06,7.586900185066296e-06,1.6474767343802582e-05,7.118495696908859e-06,5.9456473252943705e-05,4.533748904589932e-05,2.9545715351484482e-05,5.705444523064216e-05,5.086509559326337e-05,7.088052606072105e-05,0.00023334644406482194,0.00012668973483180045,0.000529811250332136,0.00022344124326962523,0.0010862243155015377,0.0020286564842312616,0.0014939055779586174,0.003562513139568464,0.001968911673404633,0.004903193877147347,0.0035761084347741188,0.0014313047528467496,0.005279376939957539,0.0021229688271898607,0.003996844951897356,3.1797652300297174e-07,,,,,,,,,
47,,2008,1019,1407,IS_MMB2__BHZ,BHZ,,,,IS,3.5,,,,,,,34.6589,34.1689,,,,,,,,215.281489,,,,,,,,33.00971,35.39526,,,,,,,,,,,,0.4088036038654198,14.84584660496123,,,2.4895303724325656e-05,5.951810370624013e-07,2.1347197059757327e-08,1.9703624798538814e-08,1.9704496608069354e-08,1.970553307693996e-08,1.97073721563028e-08,1.971045164244898e-08,1.9713977778558473e-08,1.9719165958376757e-08,1.973004621878562e-08,1.9746835110126504e-08,1.9672846391029095e-08,1.9716337908434902e-08,2.0344677211361985e-08,1.9548566215357775e-08,1.8906401283250838e-08,1.3226920468677482e-08,1.009195049940676e-07,3.9565623793598585e-07,6.379371869446021e-07,3.155637188408276e-06,3.0487930850092946e-06,1.1319746884211985e-05,2.4427548029809198e-05,4.117272866120931e-05,7.933664250422451e-05,0.00015616705097111386,6.723438594934162e-05,0.00030459830041904945,0.0006463398026060462,0.00016812820895017197,0.0016081132796292356,0.000858102036005336,0.001459551563438095,0.0011480228106662514,0.0016381031505604254,0.002845904577278672,0.0019226895917920693,0.003143412392859584,0.0014378725243831911,0.0002437912578004747,0.0002138314967356405,0.00016261797052274484,1.8396084145246187e-08,,,,,,,,,
48,,2008,1019,1407,IS_HNTI__SHE,SHE,,,,IS,3.5,,,,,,,34.6589,34.1689,,,,,,,,198.027747,,,,,,,,33.0827,35.1741,,,,,,,,,,,,0.20232171529551018,16.83269208676716,,,5.120526172448118e-07,2.0264521814616503e-08,1.6671044193036306e-08,3.97977907099389e-07,3.9831451692381293e-07,4.061028072290356e-07,4.0600207655713144e-07,4.140624152515588e-07,4.237813127740047e-07,4.4165277956413597e-07,2.3466830888911066e-07,6.264955740857429e-07,3.1356909508305314e-07,4.239186638482148e-07,6.053619679704749e-07,7.986340778680332e-07,5.226042361669093e-07,6.612314182929677e-07,6.069509541905222e-07,1.7687078254594868e-06,5.861485556440011e-07,7.210303079941492e-07,1.7467298276343163e-06,2.9180740171216354e-06,3.035516264840169e-06,4.373018473916815e-06,6.175203607445883e-06,5.230472367632245e-06,5.45808602584244e-06,8.311096787170393e-06,1.797658038954292e-05,3.741613196355393e-05,7.6586421286238e-05,8.06354998080435e-05,1.3391749217611488e-05,4.566649125091192e-05,6.721157867198382e-05,9.493253257441127e-05,2.2616189819639968e-05,7.843409112237394e-05,2.1984572503397257e-05,4.483631464905124e-05,4.009814877172938e-05,4.481960262867552e-05,4.763560952346143e-09,,,,,,,,,
49,,2008,1019,1407,IS_PRNI__SHZ,SHZ,,,,IS,3.5,,,,,,,34.6589,34.1689,,,,,,,,484.011364,,,,,,,,30.3522,35.0052,,,,,,,,,,,,0.26009962067397546,13.426600924495034,,,1.7831950627614027e-05,6.991231395218782e-07,5.8416835826366716e-08,1.741390102418908e-08,2.1478053656434367e-08,1.5338332440966472e-08,2.3352281501498194e-08,2.2445570754881e-08,5.108596238812967e-08,7.310375822732018e-08,3.821071197348089e-08,2.1615602095420997e-07,2.906044218508163e-07,3.3644423660366707e-07,8.89841645299619e-07,8.402576303633325e-07,3.0354912404115275e-06,1.0263418815485495e-05,4.2645076617600725e-06,5.473152730738539e-05,8.574551557917347e-05,0.00035540933928175964,0.0002623938373718159,0.00029749292843141476,0.0007487088698636141,0.0006377590963058605,0.00016891992008606283,0.0012414094284415732,0.000981329116805716,0.0017310374266786093,0.0035476361530757646,0.0032353681520339212,0.001105267840675438,0.005129879699234242,0.002141320008742266,0.004378426137255403,0.0014822908323968175,0.00045332186000935113,0.003871102558438585,0.003539166965100192,0.004807595048837165,0.0018869108172639873,0.0004378878560399777,9.513925257612915e-05,3.9954722331675085e-09,,,,,,,,,
50,,2008,1019,1407,IS_MMA0B__BH2,BH2,,,,IS,3.5,,,,,,,34.6589,34.1689,,,,,,,,215.13779,,,,,,,,33.01527,35.40305,,,,,,,,,,,,0.1287263637230419,15.610773157806022,,,3.1404557103863913e-06,1.3664491966461423e-07,1.6031083820335124e-08,5.718391868499384e-09,5.532151378239497e-09,5.36308938808683e-09,5.205175593597943e-09,5.064714155375723e-09,2.4588076405508046e-09,1.3067829000315387e-08,3.3369701298328784e-08,1.093089165993064e-07,3.0603861043581687e-07,1.1003511510507835e-06,1.6816929047552648e-06,7.059856081098342e-06,4.879018714806636e-06,3.0371496000966283e-06,2.8832197644802466e-05,2.8965187916671835e-05,4.434754724936846e-05,5.0341725954968514e-05,4.044258749748324e-05,8.44255131654099e-05,0.00011268370322002746,0.00026018002396450095,0.00012321600369676942,0.00026844403535170963,0.00039913945835981025,0.0003533536515343522,9.922545942733362e-05,0.0007851904576419342,0.0003922997520767142,0.0002626763847446988,0.0005878234755722312,0.0006395784585881371,0.0002964628675944815,0.00044972686994508907,0.0007516833258888207,0.0007124745150040078,0.00017752111130659755,0.0002899289201211428,0.00010502588776211095,4.44813786971282e-06,2.0184867855063372e-10,,,,,,,,,
51,,2008,1019,1407,IS_KRMI__SHE,SHE,,,,IS,3.5,,,,,,,34.6589,34.1689,,,,,,,,506.29501,,,,,,,,30.1178,34.7257,,,,,,,,,,,,0.26009962067397546,11.84179314417475,,,9.927551691664483e-06,4.127187981324636e-07,5.650951390995418e-08,1.2753967480675002e-06,1.2954062620678528e-06,1.2938199284751322e-06,1.3152618661603383e-06,1.2246951096539465e-06,1.364978183600128e-06,1.3310751277418892e-06,1.1114118805164766e-06,1.1441457020917391e-06,1.6691224256667847e-06,1.5074997337502854e-06,2.2306533091522847e-06,3.2414688896990075e-06,2.2235199907491293e-06,5.1817766535967525e-06,4.839315049316322e-06,1.3190755196436569e-05,1.7989220600099575e-05,2.9613222899763465e-05,8.800434736373135e-05,3.712207506900703e-05,5.412337657021409e-05,3.709577794827691e-05,7.114733277006281e-05,0.0001270133361729117,0.00016150317970810852,5.3829717964045084e-05,0.0003324874582401282,0.000401012024657537,0.0002977944223249759,0.0025224447914924883,0.0022317101806258663,0.0015323551939721255,0.0015986732918563558,0.0017007949693729082,0.0019181001418592937,0.0027246842218909073,0.0008612035880550112,0.0007686669806249151,0.00026834623567967546,4.2007421575912085e-05,2.0593697797576293e-08,,,,,,,,,
52,,2008,1019,1407,IS_HMDT__SHZ,SHZ,,,,IS,3.5,,,,,,,34.6589,34.1689,,,,,,,,295.169544,,,,,,,,32.2529,35.526,,,,,,,,,,,,0.17844068760047355,13.768156780330239,,,2.082377839268679e-07,1.2330238052830366e-08,1.4686900213206346e-08,2.974367061938665e-07,2.9763929302672546e-07,3.0345935416764686e-07,3.0053302389197817e-07,3.2454943382185774e-07,2.640964220834556e-07,2.535639782192909e-07,4.6707440533792936e-07,1.5725473606596463e-07,6.388800829634664e-07,7.96484697019007e-07,6.67378296313161e-07,6.660380701937705e-07,4.6092900157860965e-07,4.700266085860959e-07,2.934451375032709e-06,2.560139370778894e-06,3.0418689883396477e-06,3.060068125407361e-06,4.002259171390944e-06,3.248692105333345e-06,6.622760812793927e-06,1.1041519169197092e-05,5.039159476070767e-06,4.940904753975564e-06,1.1956108656173999e-05,2.924714711077421e-05,1.5929980805977918e-05,7.922908000166325e-05,1.9850563358256994e-05,3.747729502987838e-05,1.2501704364963929e-05,3.277433617259362e-05,4.67706396473481e-05,9.905892805511774e-06,1.0910238620527994e-05,1.4348147781557327e-05,1.7313577956527423e-05,1.665071771540453e-05,1.013541467352125e-05,4.380466529587616e-06,2.881068543030302e-09,,,,,,,,,
53,,2008,1019,1407,IS_MBRI__SHZ,SHZ,,,,IS,3.5,,,,,,,34.6589,34.1689,,,,,,,,544.113229,,,,,,,,29.79329,34.9152,,,,,,,,,,,,0.1423332577316923,13.0935182727725,,,1.1035355986201932e-10,5.367972676872921e-12,3.994463174180294e-12,7.463324694812494e-11,7.579036917347891e-11,8.134174780405061e-11,7.959417109419812e-11,1.04194784376839e-10,8.639401371538853e-11,7.858789159229433e-11,1.1460716447976506e-10,1.743420436448402e-10,1.518332153136889e-10,2.460752216711878e-10,3.5579216181425945e-10,7.649499229839016e-10,4.349422332485e-10,8.965749402989185e-10,5.464423068585124e-10,1.209864897956447e-09,2.131451171914914e-09,1.6871784981361417e-09,5.64948562714974e-10,1.1399536926949768e-09,2.1765404003354574e-09,3.076953657664289e-09,1.7097937868213648e-09,2.482523300042146e-09,7.386898714254562e-09,5.432017908525902e-09,2.630564066765544e-08,1.1404498463724366e-08,1.4546520056948968e-08,1.5343879135349373e-08,3.67827432245603e-08,1.267401108425738e-08,1.8603422955525076e-08,1.2629793272237764e-08,1.0965888514119678e-08,1.2505654690801792e-08,1.1977685903813452e-08,2.5745103281687483e-09,3.0517697280381285e-09,2.352314040111255e-10,5.728378482345045e-13,,,,,,,,,
54,,2008,1019,1407,IS_HNTI__SHN,SHN,,,,IS,3.5,,,,,,,34.6589,34.1689,,,,,,,,198.027747,,,,,,,,33.0827,35.1741,,,,,,,,,,,,0.21274626408445713,11.548025876957055,,,5.630398529025404e-07,1.6012227934890458e-08,1.7831522453936682e-09,3.530649485935087e-08,3.522703871927401e-08,3.7667504134532083e-08,4.167559548860719e-08,3.671530913928268e-08,3.899718042439245e-08,1.1910384470467074e-07,1.7885649842844634e-07,2.0561188112028614e-07,2.931738999787802e-07,3.470129987641173e-07,1.8137646681019114e-07,3.9606350610115175e-07,2.741329935816202e-07,1.5931676733849215e-07,1.2710657024603097e-07,3.3532057528096785e-07,3.1002586749500793e-07,2.9027386169832154e-07,1.1430148402195553e-06,8.791859917797221e-07,1.911719270482194e-06,4.955947227295574e-06,1.7960722451942855e-06,6.664400006759206e-06,3.536604806712674e-06,1.085176216180256e-05,1.0947256790564483e-05,6.722671998635032e-05,3.3188138588531596e-05,3.647129261682237e-05,2.4905684758884994e-05,9.23683218169221e-05,1.9560822717293325e-05,0.00010603117253876266,7.616357907872842e-05,0.00017352017957277064,7.648949434941606e-05,5.599882022391661e-05,1.754953294452986e-05,2.7655375580095747e-07,5.44796987712539e-10,,,,,,,,,
55,,2008,1019,1407,IS_MMLI__BHN,BHN,,,,IS,3.5,,,,,,,34.6589,34.1689,,,,,,,,272.429109,,,,,,,,32.438,35.422,,,,,,,,,,,,0.24735476145225985,17.260894621722816,,,3.986317346288091e-05,1.5608590866285975e-06,1.2909104794754096e-07,3.727666685061749e-08,3.7193615487723134e-08,3.7084705008624304e-08,3.671448451139404e-08,3.703440945232346e-08,3.6619167158251757e-08,3.9699054269678556e-08,3.0332754456509405e-08,4.64043978010534e-08,1.0194693099258937e-07,3.1642749441200593e-07,9.175803039732472e-07,1.960982876925784e-06,4.8086624186780576e-06,9.596785842451746e-06,2.170846173519085e-05,7.797817197839301e-05,0.00020492575566224586,0.00028758522739466053,0.0003092785564759685,0.00012343442259896912,0.0009827986839738684,0.0005733255609672087,0.0004113430721535156,0.0015579468608352147,0.0015678885569701164,0.0015108125892672455,0.004556748952245079,0.0021388723170488915,0.004265117680686883,0.004512936851036374,0.0025805897513633273,0.0030938054383081192,0.0067202890518166915,0.001726931941634851,0.00228331060458153,0.004842826444247675,0.004874381690527284,0.0025852297590765374,0.0033025073359041097,0.0019523826065172873,6.450499484964923e-08,,,,,,,,,
